{"cameraMode":{"drawMode":0,"name":"Shaded","section":"Shading Mode"},"sceneLighting":false,"audioPlay":false,"sceneViewState":{"m_AlwaysRefresh":false,"showFog":true,"showSkybox":false,"showFlares":true,"showImageEffects":true,"showParticleSystems":true,"showVisualEffectGraphs":true,"m_FxEnabled":true},"in2DMode":false,"pivot":{"x":4.857145309448242,"y":1.0880659818649293,"z":15.225342750549317},"rotation":{"x":0.026747947558760644,"y":0.6544560790061951,"z":-0.023174380883574487,"w":0.7552794814109802},"size":5.835257530212402,"orthographic":false}